Agent,Time (ms)
random,0.3390312194824219
random,0.1480579376220703
random,0.07510185241699219
random,0.4169940948486328
random,0.1270771026611328
random,0.13303756713867188
random,0.12731552124023438
random,0.12493133544921875
random,0.12493133544921875
random,0.16307830810546875
random,0.14090538024902344
random,0.12612342834472656
random,0.1270771026611328
random,0.12183189392089844
random,0.2532005310058594
random,0.14901161193847656
random,0.13017654418945312
random,0.1289844512939453
random,0.141143798828125
random,0.125885009765625
random,0.13589859008789062
random,0.1709461212158203
random,0.13399124145507812
random,0.13589859008789062
random,0.1342296600341797
random,0.12922286987304688
random,0.2989768981933594
random,0.12993812561035156
random,0.12803077697753906
random,0.12612342834472656
random,0.13208389282226562
random,0.1270771026611328
random,0.12111663818359375
random,0.13017654418945312
random,0.12302398681640625
random,0.07009506225585938
random,0.12302398681640625
random,0.11801719665527344
random,0.12278556823730469
random,0.30303001403808594
random,0.15306472778320312
random,0.11801719665527344
random,0.07987022399902344
random,0.07700920104980469
random,0.07510185241699219
random,0.06699562072753906
random,0.06198883056640625
random,0.05507469177246094
random,0.057220458984375
random,0.05412101745605469
random,0.05316734313964844
random,0.0629425048828125
random,0.12493133544921875
random,0.06103515625
random,0.05888938903808594
random,0.06699562072753906
random,0.06604194641113281
random,0.07295608520507812
random,0.06127357482910156
random,0.06604194641113281
random,0.06198883056640625
random,0.05602836608886719
random,0.05602836608886719
random,0.0629425048828125
random,0.06723403930664062
random,0.1468658447265625
random,0.09393692016601562
random,0.08606910705566406
random,0.08082389831542969
random,0.08296966552734375
random,0.08606910705566406
random,0.0820159912109375
random,0.07915496826171875
random,0.07796287536621094
random,0.07891654968261719
random,0.06794929504394531
random,0.07867813110351562
random,0.07915496826171875
random,0.3941059112548828
random,0.164031982421875
random,0.14400482177734375
random,0.1289844512939453
random,0.1399517059326172
random,0.1220703125
random,0.1380443572998047
random,0.19669532775878906
random,0.1347064971923828
random,0.12922286987304688
random,0.12493133544921875
random,0.1342296600341797
random,0.10395050048828125
random,0.3361701965332031
random,0.13375282287597656
random,0.1289844512939453
random,0.1289844512939453
random,0.1251697540283203
random,0.12731552124023438
random,0.12493133544921875
random,0.15115737915039062
random,0.08487701416015625
random,0.06413459777832031
random,0.06866455078125
random,0.05507469177246094
random,0.05888938903808594
random,0.09107589721679688
random,0.10204315185546875
random,0.1010894775390625
random,0.09918212890625
random,0.09799003601074219
random,0.09918212890625
random,0.09822845458984375
random,0.09799003601074219
random,0.09799003601074219
random,0.09489059448242188
random,0.09918212890625
random,0.08392333984375
random,0.09799003601074219
random,0.07486343383789062
random,0.06604194641113281
random,0.0591278076171875
random,0.0629425048828125
random,0.06222724914550781
random,0.0667572021484375
random,0.06413459777832031
random,0.06604194641113281
random,0.06890296936035156
random,0.0591278076171875
random,0.05412101745605469
random,0.051021575927734375
random,0.06198883056640625
random,0.06604194641113281
random,0.03361701965332031
random,0.07200241088867188
random,0.05412101745605469
random,0.06604194641113281
random,0.07414817810058594
random,0.06389617919921875
random,0.05984306335449219
random,0.06508827209472656
random,0.055789947509765625
random,0.06198883056640625
random,0.06413459777832031
random,0.06079673767089844
random,0.11682510375976562
random,0.0743865966796875
random,0.06389617919921875
random,0.07319450378417969
random,0.07486343383789062
random,0.07510185241699219
random,0.07081031799316406
random,0.07390975952148438
random,0.07224082946777344
random,0.07176399230957031
random,0.06985664367675781
random,0.06890296936035156
random,0.06914138793945312
random,0.09322166442871094
random,0.06461143493652344
random,0.051975250244140625
random,0.051021575927734375
random,0.050067901611328125
random,0.051975250244140625
random,0.06198883056640625
random,0.04887580871582031
random,0.048160552978515625
random,0.04935264587402344
random,0.048160552978515625
random,0.04887580871582031
random,0.05793571472167969
random,0.07486343383789062
random,0.07200241088867188
random,0.07200241088867188
random,0.06389617919921875
random,0.06413459777832031
random,0.051021575927734375
random,0.06389617919921875
random,0.0629425048828125
random,0.05078315734863281
random,0.052928924560546875
random,0.0629425048828125
random,0.058650970458984375
random,0.06198883056640625
greedy1,0.11014938354492188
greedy1,0.07987022399902344
greedy1,0.07200241088867188
greedy1,0.0667572021484375
greedy1,0.0629425048828125
greedy1,0.06198883056640625
greedy1,0.05698204040527344
greedy1,0.052928924560546875
greedy1,0.0629425048828125
greedy1,0.09989738464355469
greedy1,0.05817413330078125
greedy1,0.047206878662109375
greedy1,0.0438690185546875
greedy1,0.14495849609375
greedy1,0.05698204040527344
greedy1,0.053882598876953125
greedy1,0.04887580871582031
greedy1,0.04792213439941406
greedy1,0.04792213439941406
greedy1,0.0476837158203125
greedy1,0.04887580871582031
greedy1,0.04410743713378906
greedy1,0.04410743713378906
greedy1,0.03790855407714844
greedy1,0.03790855407714844
greedy1,0.03504753112792969
greedy1,0.5850791931152344
greedy1,0.2219676971435547
greedy1,0.1709461212158203
greedy1,0.1659393310546875
greedy1,0.1971721649169922
greedy1,0.15091896057128906
greedy1,0.1430511474609375
greedy1,0.1430511474609375
greedy1,0.19979476928710938
greedy1,0.1499652862548828
greedy1,0.13327598571777344
greedy1,0.13685226440429688
greedy1,0.12969970703125
greedy1,0.13327598571777344
greedy1,0.1308917999267578
greedy1,0.13327598571777344
greedy1,0.11277198791503906
greedy1,0.07295608520507812
greedy1,0.06818771362304688
greedy1,0.07081031799316406
greedy1,0.06413459777832031
greedy1,0.06818771362304688
greedy1,0.06604194641113281
greedy1,0.06198883056640625
greedy1,0.06127357482910156
greedy1,0.06103515625
greedy1,0.446319580078125
greedy1,0.05125999450683594
greedy1,0.03695487976074219
greedy1,0.03409385681152344
greedy1,0.029087066650390625
greedy1,0.028848648071289062
greedy1,0.030040740966796875
greedy1,0.026226043701171875
greedy1,0.025033950805664062
greedy1,0.0247955322265625
greedy1,0.027179718017578125
greedy1,0.022172927856445312
greedy1,0.019073486328125
greedy1,0.1399517059326172
greedy1,0.03504753112792969
greedy1,0.031948089599609375
greedy1,0.035762786865234375
greedy1,0.04029273986816406
greedy1,0.030994415283203125
greedy1,0.030994415283203125
greedy1,0.033855438232421875
greedy1,0.027894973754882812
greedy1,0.026941299438476562
greedy1,0.031948089599609375
greedy1,0.030040740966796875
greedy1,0.027179718017578125
greedy1,0.11086463928222656
greedy1,0.049114227294921875
greedy1,0.04315376281738281
greedy1,0.04315376281738281
greedy1,0.04100799560546875
greedy1,0.04601478576660156
greedy1,0.03910064697265625
greedy1,0.035762786865234375
greedy1,0.03314018249511719
greedy1,0.03314018249511719
greedy1,0.031948089599609375
greedy1,0.028848648071289062
greedy1,0.028848648071289062
greedy1,0.4410743713378906
greedy1,0.10013580322265625
greedy1,0.07700920104980469
greedy1,0.06175041198730469
greedy1,0.06222724914550781
greedy1,0.0629425048828125
greedy1,0.06103515625
greedy1,0.05602836608886719
greedy1,0.05698204040527344
greedy1,0.06198883056640625
greedy1,0.04601478576660156
greedy1,0.0438690185546875
greedy1,0.04100799560546875
greedy1,0.4849433898925781
greedy1,0.17404556274414062
greedy1,0.1850128173828125
greedy1,0.14901161193847656
greedy1,0.06079673767089844
greedy1,0.04792213439941406
greedy1,0.04887580871582031
greedy1,0.03600120544433594
greedy1,0.029087066650390625
greedy1,0.030994415283203125
greedy1,0.02574920654296875
greedy1,0.027894973754882812
greedy1,0.022172927856445312
greedy1,0.032901763916015625
greedy1,0.030040740966796875
greedy1,0.030040740966796875
greedy1,0.031948089599609375
greedy1,0.028133392333984375
greedy1,0.031948089599609375
greedy1,0.032901763916015625
greedy1,0.028133392333984375
greedy1,0.02384185791015625
greedy1,0.023126602172851562
greedy1,0.024080276489257812
greedy1,0.02384185791015625
greedy1,0.02193450927734375
greedy1,0.03600120544433594
greedy1,0.041961669921875
greedy1,0.03409385681152344
greedy1,0.031948089599609375
greedy1,0.033855438232421875
greedy1,0.03314018249511719
greedy1,0.031232833862304688
greedy1,0.03600120544433594
greedy1,0.03933906555175781
greedy1,0.03314018249511719
greedy1,0.02193450927734375
greedy1,0.030994415283203125
greedy1,0.023126602172851562
greedy1,0.2758502960205078
greedy1,0.09679794311523438
greedy1,0.07414817810058594
greedy1,0.06794929504394531
greedy1,0.0629425048828125
greedy1,0.06771087646484375
greedy1,0.05984306335449219
greedy1,0.051975250244140625
greedy1,0.05078315734863281
greedy1,0.0476837158203125
greedy1,0.046253204345703125
greedy1,0.04506111145019531
greedy1,0.04410743713378906
greedy1,0.19884109497070312
greedy1,0.11992454528808594
greedy1,0.10323524475097656
greedy1,0.09393692016601562
greedy1,0.09202957153320312
greedy1,0.08392333984375
greedy1,0.09107589721679688
greedy1,0.07772445678710938
greedy1,0.07510185241699219
greedy1,0.07104873657226562
greedy1,0.07200241088867188
greedy1,0.06890296936035156
greedy1,0.0629425048828125
greedy1,0.04076957702636719
greedy1,0.04291534423828125
greedy1,0.0362396240234375
greedy1,0.035762786865234375
greedy1,0.03790855407714844
greedy1,0.03409385681152344
greedy1,0.03361701965332031
greedy1,0.025272369384765625
greedy1,0.0247955322265625
greedy1,0.03218650817871094
greedy1,0.027894973754882812
greedy1,0.02384185791015625
greedy1,0.024080276489257812
greedy2,0.49996376037597656
greedy2,31.259775161743164
greedy2,18.96500587463379
greedy2,0.1621246337890625
greedy2,0.1518726348876953
greedy2,10.721921920776367
greedy2,9.243011474609375
greedy2,7.807016372680664
greedy2,6.13093376159668
greedy2,5.23686408996582
greedy2,4.717826843261719
greedy2,4.050016403198242
greedy2,0.05984306335449219
greedy2,34.53326225280762
greedy2,18.94092559814453
greedy2,14.697074890136719
greedy2,11.84391975402832
greedy2,10.118722915649414
greedy2,9.272098541259766
greedy2,7.963895797729492
greedy2,7.303953170776367
greedy2,6.644010543823242
greedy2,5.3958892822265625
greedy2,4.76384162902832
greedy2,0.06079673767089844
greedy2,2.7811527252197266
greedy2,20.811080932617188
greedy2,16.045093536376953
greedy2,13.453245162963867
greedy2,11.226892471313477
greedy2,9.78708267211914
greedy2,8.402109146118164
greedy2,0.11801719665527344
greedy2,7.09080696105957
greedy2,6.52003288269043
greedy2,5.87916374206543
greedy2,5.235910415649414
greedy2,3.9658546447753906
greedy2,3.2339096069335938
greedy2,16.06011390686035
greedy2,13.700723648071289
greedy2,12.479066848754883
greedy2,11.065959930419922
greedy2,10.328054428100586
greedy2,9.672164916992188
greedy2,0.13113021850585938
greedy2,7.789850234985352
greedy2,7.05718994140625
greedy2,5.745172500610352
greedy2,5.092859268188477
greedy2,3.7620067596435547
greedy2,3.201007843017578
greedy2,0.2727508544921875
greedy2,18.787145614624023
greedy2,14.976024627685547
greedy2,0.1342296600341797
greedy2,12.85409927368164
greedy2,12.313127517700195
greedy2,10.740041732788086
greedy2,0.13709068298339844
greedy2,10.221004486083984
greedy2,9.629964828491211
greedy2,9.709835052490234
greedy2,0.10800361633300781
greedy2,0.1049041748046875
greedy2,0.1010894775390625
greedy2,8.250951766967773
greedy2,7.835865020751953
greedy2,7.654905319213867
greedy2,6.818056106567383
greedy2,6.363868713378906
greedy2,5.975008010864258
greedy2,0.09822845458984375
greedy2,5.298852920532227
greedy2,0.09489059448242188
greedy2,0.05412101745605469
greedy2,3.342866897583008
greedy2,0.0629425048828125
greedy2,18.592119216918945
greedy2,12.357950210571289
greedy2,11.638879776000977
greedy2,10.88714599609375
greedy2,9.682178497314453
greedy2,9.060144424438477
greedy2,8.41212272644043
greedy2,7.5168609619140625
greedy2,6.857872009277344
greedy2,6.407976150512695
greedy2,5.074977874755859
greedy2,3.7622451782226562
greedy2,3.158092498779297
greedy2,19.070863723754883
greedy2,14.525890350341797
greedy2,12.616872787475586
greedy2,0.12111663818359375
greedy2,10.459184646606445
greedy2,9.67097282409668
greedy2,9.128093719482422
greedy2,0.11110305786132812
greedy2,0.10514259338378906
greedy2,6.453990936279297
greedy2,5.326032638549805
greedy2,3.9391517639160156
greedy2,3.1871795654296875
greedy2,18.845796585083008
greedy2,14.430046081542969
greedy2,12.240171432495117
greedy2,0.11801719665527344
greedy2,0.11277198791503906
greedy2,9.009838104248047
greedy2,8.23211669921875
greedy2,0.11897087097167969
greedy2,6.273031234741211
greedy2,0.07009506225585938
greedy2,5.100011825561523
greedy2,3.8039684295654297
greedy2,3.1900405883789062
greedy2,18.603086471557617
greedy2,0.15091896057128906
greedy2,13.778924942016602
greedy2,11.147022247314453
greedy2,10.190010070800781
greedy2,9.585142135620117
greedy2,8.224964141845703
greedy2,7.628917694091797
greedy2,6.386995315551758
greedy2,0.10895729064941406
greedy2,0.07915496826171875
greedy2,3.8650035858154297
greedy2,3.131866455078125
greedy2,13.353109359741211
greedy2,12.175798416137695
greedy2,10.869979858398438
greedy2,10.225296020507812
greedy2,9.612083435058594
greedy2,8.922100067138672
greedy2,8.10694694519043
greedy2,0.11920928955078125
greedy2,6.831884384155273
greedy2,0.10395050048828125
greedy2,5.559682846069336
greedy2,4.1961669921875
greedy2,3.1702518463134766
greedy2,15.578031539916992
greedy2,13.450860977172852
greedy2,12.178897857666016
greedy2,10.721921920776367
greedy2,0.11396408081054688
greedy2,9.464740753173828
greedy2,8.430004119873047
greedy2,7.78508186340332
greedy2,7.064104080200195
greedy2,6.61778450012207
greedy2,5.284786224365234
greedy2,3.9288997650146484
greedy2,0.06198883056640625
greedy2,26.545286178588867
greedy2,13.064384460449219
greedy2,11.636972427368164
greedy2,0.11301040649414062
greedy2,10.209083557128906
greedy2,8.793115615844727
greedy2,8.34202766418457
greedy2,7.573127746582031
greedy2,0.07295608520507812
greedy2,6.222724914550781
greedy2,4.983186721801758
greedy2,0.057220458984375
greedy2,0.06389617919921875
greedy2,0.2048015594482422
greedy2,17.14920997619629
greedy2,0.14209747314453125
greedy2,0.1399517059326172
greedy2,10.19906997680664
greedy2,8.987903594970703
greedy2,8.138895034790039
greedy2,7.369279861450195
greedy2,0.1049041748046875
greedy2,5.640268325805664
greedy2,4.9419403076171875
greedy2,4.397153854370117
greedy2,3.1659603118896484
greedy3,29.528141021728516
greedy3,24.988174438476562
greedy3,24.209976196289062
greedy3,20.605802536010742
greedy3,19.39702033996582
greedy3,16.840219497680664
greedy3,15.452861785888672
greedy3,14.225244522094727
greedy3,11.55400276184082
greedy3,9.897947311401367
greedy3,8.803129196166992
greedy3,7.505893707275391
greedy3,6.3018798828125
greedy3,34.09576416015625
greedy3,25.83599090576172
greedy3,24.56212043762207
greedy3,21.819114685058594
greedy3,19.502878189086914
greedy3,16.970157623291016
greedy3,14.382123947143555
greedy3,12.83407211303711
greedy3,9.998083114624023
greedy3,8.807182312011719
greedy3,7.543802261352539
greedy3,6.520986557006836
greedy3,5.136966705322266
greedy3,29.35504913330078
greedy3,23.899316787719727
greedy3,22.33290672302246
greedy3,19.82903480529785
greedy3,17.52781867980957
greedy3,16.357898712158203
greedy3,15.085935592651367
greedy3,13.740062713623047
greedy3,12.231826782226562
greedy3,9.838104248046875
greedy3,8.708953857421875
greedy3,7.549047470092773
greedy3,6.225824356079102
greedy3,34.73305702209473
greedy3,25.300025939941406
greedy3,22.2320556640625
greedy3,19.144058227539062
greedy3,16.607999801635742
greedy3,15.009880065917969
greedy3,13.850212097167969
greedy3,12.495040893554688
greedy3,11.157035827636719
greedy3,10.042190551757812
greedy3,8.75997543334961
greedy3,7.634162902832031
greedy3,6.265878677368164
greedy3,30.717849731445312
greedy3,26.519775390625
greedy3,21.88897132873535
greedy3,20.474910736083984
greedy3,18.084049224853516
greedy3,15.54417610168457
greedy3,14.198064804077148
greedy3,11.867046356201172
greedy3,10.358095169067383
greedy3,9.088993072509766
greedy3,7.915019989013672
greedy3,6.528139114379883
greedy3,5.148887634277344
greedy3,26.838064193725586
greedy3,24.382829666137695
greedy3,23.15497398376465
greedy3,21.104812622070312
greedy3,9.836912155151367
greedy3,17.733097076416016
greedy3,15.465974807739258
greedy3,14.148950576782227
greedy3,12.830972671508789
greedy3,11.605978012084961
greedy3,10.396003723144531
greedy3,7.9059600830078125
greedy3,6.773948669433594
greedy3,34.65008735656738
greedy3,14.042854309082031
greedy3,24.621248245239258
greedy3,24.016857147216797
greedy3,22.031068801879883
greedy3,21.970272064208984
greedy3,20.737648010253906
greedy3,20.704984664916992
greedy3,18.226146697998047
greedy3,18.246889114379883
greedy3,16.76797866821289
greedy3,15.68603515625
greedy3,14.223098754882812
greedy3,14.286994934082031
greedy3,12.930154800415039
greedy3,12.794733047485352
greedy3,11.143207550048828
greedy3,11.138916015625
greedy3,10.027170181274414
greedy3,9.959936141967773
greedy3,8.689165115356445
greedy3,8.926153182983398
greedy3,7.605075836181641
greedy3,7.591962814331055
greedy3,6.288766860961914
greedy3,6.351232528686523
greedy3,34.36994552612305
greedy3,25.470256805419922
greedy3,22.483110427856445
greedy3,19.411087036132812
greedy3,18.362760543823242
greedy3,17.086267471313477
greedy3,16.04914665222168
greedy3,14.576196670532227
greedy3,13.108968734741211
greedy3,11.881828308105469
greedy3,10.732173919677734
greedy3,7.953166961669922
greedy3,6.402730941772461
greedy3,34.77931022644043
greedy3,24.937868118286133
greedy3,21.645069122314453
greedy3,19.622087478637695
greedy3,17.57073402404785
greedy3,16.399860382080078
greedy3,15.269994735717773
greedy3,14.356851577758789
greedy3,12.698888778686523
greedy3,11.56473159790039
greedy3,8.81195068359375
greedy3,7.467746734619141
greedy3,6.293058395385742
greedy3,34.2562198638916
greedy3,26.221036911010742
greedy3,24.353981018066406
greedy3,23.147106170654297
greedy3,21.249055862426758
greedy3,25.77996253967285
greedy3,10.667800903320312
greedy3,16.129016876220703
greedy3,13.002157211303711
greedy3,10.61868667602539
greedy3,9.449005126953125
greedy3,7.946968078613281
greedy3,5.18488883972168
greedy3,35.13598442077637
greedy3,27.21095085144043
greedy3,24.48105812072754
greedy3,21.35491371154785
greedy3,20.0040340423584
greedy3,21.284818649291992
greedy3,18.61095428466797
greedy3,14.943122863769531
greedy3,12.26496696472168
greedy3,10.972976684570312
greedy3,9.588003158569336
greedy3,8.952856063842773
greedy3,6.376981735229492
greedy3,27.019023895263672
greedy3,24.70993995666504
greedy3,23.689985275268555
greedy3,20.90167999267578
greedy3,18.301010131835938
greedy3,15.789031982421875
greedy3,14.513731002807617
greedy3,13.161182403564453
greedy3,11.934995651245117
greedy3,10.103702545166016
greedy3,7.726907730102539
greedy3,6.489038467407227
greedy3,5.16200065612793
greedy3,33.616065979003906
greedy3,24.66893196105957
greedy3,22.897720336914062
greedy3,20.002126693725586
greedy3,18.450021743774414
greedy3,17.31085777282715
greedy3,16.0062313079834
greedy3,13.716936111450195
greedy3,11.13128662109375
greedy3,10.06317138671875
greedy3,8.693933486938477
greedy3,7.576942443847656
greedy3,6.269931793212891
medium,0.09918212890625
medium,0.041961669921875
medium,0.03814697265625
medium,0.03719329833984375
medium,0.03790855407714844
medium,0.0400543212890625
medium,0.03600120544433594
medium,0.031948089599609375
medium,0.025987625122070312
medium,0.023126602172851562
medium,0.03218650817871094
medium,0.028133392333984375
medium,0.030994415283203125
medium,0.06008148193359375
medium,0.041961669921875
medium,0.03886222839355469
medium,0.0209808349609375
medium,0.0362396240234375
medium,0.04100799560546875
medium,0.019073486328125
medium,0.030994415283203125
medium,0.029087066650390625
medium,0.0171661376953125
medium,0.028133392333984375
medium,0.027179718017578125
medium,0.030040740966796875
medium,0.03409385681152344
medium,0.03981590270996094
medium,0.032901763916015625
medium,0.025987625122070312
medium,0.031948089599609375
medium,0.015974044799804688
medium,0.036716461181640625
medium,0.02384185791015625
medium,0.017881393432617188
medium,0.0247955322265625
medium,0.027894973754882812
medium,0.0247955322265625
medium,0.012636184692382812
medium,0.030994415283203125
medium,0.022172927856445312
medium,0.04124641418457031
medium,0.03314018249511719
medium,0.02384185791015625
medium,0.032901763916015625
medium,0.021219253540039062
medium,0.03790855407714844
medium,0.025033950805664062
medium,0.028848648071289062
medium,0.0247955322265625
medium,0.024080276489257812
medium,0.02193450927734375
medium,0.09179115295410156
medium,0.023603439331054688
medium,0.036716461181640625
medium,0.026941299438476562
medium,0.029325485229492188
medium,0.03695487976074219
medium,0.03314018249511719
medium,0.030994415283203125
medium,0.030279159545898438
medium,0.029087066650390625
medium,0.027179718017578125
medium,0.024080276489257812
medium,0.029802322387695312
medium,0.13494491577148438
medium,0.09417533874511719
medium,0.07915496826171875
medium,0.06794929504394531
medium,0.03314018249511719
medium,0.06818771362304688
medium,0.05984306335449219
medium,0.04291534423828125
medium,0.05030632019042969
medium,0.04220008850097656
medium,0.02288818359375
medium,0.03886222839355469
medium,0.04100799560546875
medium,0.07796287536621094
medium,0.0362396240234375
medium,0.030040740966796875
medium,0.0362396240234375
medium,0.029087066650390625
medium,0.024080276489257812
medium,0.025033950805664062
medium,0.0209808349609375
medium,0.015020370483398438
medium,0.024080276489257812
medium,0.032901763916015625
medium,0.026941299438476562
medium,0.02384185791015625
medium,0.1621246337890625
medium,0.027894973754882812
medium,0.03409385681152344
medium,0.03600120544433594
medium,0.028848648071289062
medium,0.03314018249511719
medium,0.04029273986816406
medium,0.04673004150390625
medium,0.0209808349609375
medium,0.0438690185546875
medium,0.02002716064453125
medium,0.0362396240234375
medium,0.03504753112792969
medium,0.07772445678710938
medium,0.027179718017578125
medium,0.04506111145019531
medium,0.027894973754882812
medium,0.013828277587890625
medium,0.025033950805664062
medium,0.013113021850585938
medium,0.026226043701171875
medium,0.026941299438476562
medium,0.0209808349609375
medium,0.02193450927734375
medium,0.024080276489257812
medium,0.02193450927734375
medium,0.02002716064453125
medium,0.02002716064453125
medium,0.010013580322265625
medium,0.01811981201171875
medium,0.016927719116210938
medium,0.018835067749023438
medium,0.02193450927734375
medium,0.01811981201171875
medium,0.014066696166992188
medium,0.015020370483398438
medium,0.007867813110351562
medium,0.015974044799804688
medium,0.0171661376953125
medium,0.17309188842773438
medium,0.06175041198730469
medium,0.03910064697265625
medium,0.07176399230957031
medium,0.06890296936035156
medium,0.051021575927734375
medium,0.030994415283203125
medium,0.05507469177246094
medium,0.048160552978515625
medium,0.055789947509765625
medium,0.051021575927734375
medium,0.04076957702636719
medium,0.04291534423828125
medium,0.16999244689941406
medium,0.16379356384277344
medium,0.08606910705566406
medium,0.1468658447265625
medium,0.13518333435058594
medium,0.0858306884765625
medium,0.03933906555175781
medium,0.06079673767089844
medium,0.0247955322265625
medium,0.028848648071289062
medium,0.04506111145019531
medium,0.028133392333984375
medium,0.015020370483398438
medium,0.0362396240234375
medium,0.025987625122070312
medium,0.030994415283203125
medium,0.025033950805664062
medium,0.030994415283203125
medium,0.024080276489257812
medium,0.019073486328125
medium,0.014066696166992188
medium,0.017881393432617188
medium,0.01621246337890625
medium,0.015020370483398438
medium,0.019073486328125
medium,0.015020370483398438
medium,0.04410743713378906
medium,0.03719329833984375
medium,0.025987625122070312
medium,0.0247955322265625
medium,0.0171661376953125
medium,0.024080276489257812
medium,0.025033950805664062
medium,0.031948089599609375
medium,0.03266334533691406
medium,0.025033950805664062
medium,0.028133392333984375
medium,0.0247955322265625
medium,0.02193450927734375
easy,0.14901161193847656
easy,0.07987022399902344
easy,0.05507469177246094
easy,0.04887580871582031
easy,0.04506111145019531
easy,0.04291534423828125
easy,0.04506111145019531
easy,0.06794929504394531
easy,0.0591278076171875
easy,0.03981590270996094
easy,0.03981590270996094
easy,0.03790855407714844
easy,0.03814697265625
easy,0.12874603271484375
easy,0.07200241088867188
easy,0.05793571472167969
easy,0.04482269287109375
easy,0.04792213439941406
easy,0.04100799560546875
easy,0.04601478576660156
easy,0.0438690185546875
easy,0.04982948303222656
easy,0.04792213439941406
easy,0.034809112548828125
easy,0.04291534423828125
easy,0.03600120544433594
easy,0.031948089599609375
easy,0.029087066650390625
easy,0.025272369384765625
easy,0.024080276489257812
easy,0.025272369384765625
easy,0.02002716064453125
easy,0.027894973754882812
easy,0.02002716064453125
easy,0.0209808349609375
easy,0.0209808349609375
easy,0.02288818359375
easy,0.022172927856445312
easy,0.019073486328125
easy,0.034809112548828125
easy,0.028133392333984375
easy,0.028848648071289062
easy,0.030994415283203125
easy,0.025987625122070312
easy,0.023126602172851562
easy,0.0362396240234375
easy,0.028848648071289062
easy,0.027179718017578125
easy,0.031948089599609375
easy,0.026226043701171875
easy,0.025033950805664062
easy,0.019073486328125
easy,0.07081031799316406
easy,0.05888938903808594
easy,0.06175041198730469
easy,0.06198883056640625
easy,0.07104873657226562
easy,0.04982948303222656
easy,0.051021575927734375
easy,0.05173683166503906
easy,0.052928924560546875
easy,0.05030632019042969
easy,0.0438690185546875
easy,0.03218650817871094
easy,0.030994415283203125
easy,0.04506111145019531
easy,0.028371810913085938
easy,0.025033950805664062
easy,0.02193450927734375
easy,0.019073486328125
easy,0.0209808349609375
easy,0.018835067749023438
easy,0.01811981201171875
easy,0.017881393432617188
easy,0.014781951904296875
easy,0.016689300537109375
easy,0.015974044799804688
easy,0.014066696166992188
easy,0.13399124145507812
easy,0.09417533874511719
easy,0.07510185241699219
easy,0.06794929504394531
easy,0.06508827209472656
easy,0.07081031799316406
easy,0.064849853515625
easy,0.06389617919921875
easy,0.05602836608886719
easy,0.0629425048828125
easy,0.0629425048828125
easy,0.05221366882324219
easy,0.05412101745605469
easy,0.19288063049316406
easy,0.030279159545898438
easy,0.03409385681152344
easy,0.031948089599609375
easy,0.0209808349609375
easy,0.027894973754882812
easy,0.030994415283203125
easy,0.030994415283203125
easy,0.028133392333984375
easy,0.0209808349609375
easy,0.018835067749023438
easy,0.0209808349609375
easy,0.016927719116210938
easy,0.03981590270996094
easy,0.028848648071289062
easy,0.028133392333984375
easy,0.026226043701171875
easy,0.023126602172851562
easy,0.030040740966796875
easy,0.026941299438476562
easy,0.030994415283203125
easy,0.032901763916015625
easy,0.026226043701171875
easy,0.029802322387695312
easy,0.027894973754882812
easy,0.030040740966796875
easy,0.06508827209472656
easy,0.02384185791015625
easy,0.02193450927734375
easy,0.016927719116210938
easy,0.016927719116210938
easy,0.0171661376953125
easy,0.018835067749023438
easy,0.016927719116210938
easy,0.015020370483398438
easy,0.015974044799804688
easy,0.015735626220703125
easy,0.013828277587890625
easy,0.015020370483398438
easy,0.12493133544921875
easy,0.08821487426757812
easy,0.05984306335449219
easy,0.06723403930664062
easy,0.06008148193359375
easy,0.05698204040527344
easy,0.05698204040527344
easy,0.052928924560546875
easy,0.05602836608886719
easy,0.05316734313964844
easy,0.051975250244140625
easy,0.05078315734863281
easy,0.05698204040527344
easy,0.05412101745605469
easy,0.04792213439941406
easy,0.06198883056640625
easy,0.051975250244140625
easy,0.05030632019042969
easy,0.04982948303222656
easy,0.051975250244140625
easy,0.051975250244140625
easy,0.04291534423828125
easy,0.04792213439941406
easy,0.04792213439941406
easy,0.04220008850097656
easy,0.04601478576660156
easy,0.2617835998535156
easy,0.12922286987304688
easy,0.1239776611328125
easy,0.11324882507324219
easy,0.07104873657226562
easy,0.064849853515625
easy,0.07891654968261719
easy,0.07390975952148438
easy,0.046253204345703125
easy,0.03504753112792969
easy,0.025033950805664062
easy,0.026226043701171875
easy,0.0209808349609375
easy,0.041961669921875
easy,0.0400543212890625
easy,0.03719329833984375
easy,0.028848648071289062
easy,0.028848648071289062
easy,0.02288818359375
easy,0.025987625122070312
easy,0.024080276489257812
easy,0.019311904907226562
easy,0.025272369384765625
easy,0.027894973754882812
easy,0.019788742065429688
easy,0.015974044799804688
hard,0.3249645233154297
hard,0.19693374633789062
hard,0.18405914306640625
hard,0.17118453979492188
hard,0.17213821411132812
hard,0.18095970153808594
hard,21.200895309448242
hard,24.982690811157227
hard,8.295774459838867
hard,12.325048446655273
hard,9.303092956542969
hard,0.07200241088867188
hard,0.07414817810058594
hard,0.4329681396484375
hard,0.46896934509277344
hard,0.4420280456542969
hard,29.341936111450195
hard,0.1621246337890625
hard,0.09703636169433594
hard,24.433135986328125
hard,9.17816162109375
hard,7.148027420043945
hard,10.569095611572266
hard,8.804082870483398
hard,0.07700920104980469
hard,0.07486343383789062
hard,0.12612342834472656
hard,0.10514259338378906
hard,12.722969055175781
hard,0.10514259338378906
hard,0.09298324584960938
hard,0.09512901306152344
hard,8.127212524414062
hard,0.08392333984375
hard,0.07700920104980469
hard,4.4689178466796875
hard,7.778167724609375
hard,0.10609626770019531
hard,0.052928924560546875
hard,0.11706352233886719
hard,12.160062789916992
hard,0.0896453857421875
hard,0.11014938354492188
hard,0.10204315185546875
hard,0.11706352233886719
hard,21.467924118041992
hard,7.6389312744140625
hard,14.299869537353516
hard,0.06818771362304688
hard,5.321979522705078
hard,0.08392333984375
hard,0.09799003601074219
hard,0.6148815155029297
hard,0.4410743713378906
hard,0.4286766052246094
hard,0.4229545593261719
hard,0.35691261291503906
hard,0.23698806762695312
hard,0.16498565673828125
hard,28.72014045715332
hard,14.191150665283203
hard,6.580114364624023
hard,10.528087615966797
hard,0.08106231689453125
hard,0.06198883056640625
hard,0.7948875427246094
hard,0.453948974609375
hard,0.4379749298095703
hard,0.164031982421875
hard,0.24008750915527344
hard,0.2543926239013672
hard,0.22602081298828125
hard,33.65683555603027
hard,18.950939178466797
hard,14.17088508605957
hard,10.77890396118164
hard,0.056743621826171875
hard,0.06818771362304688
hard,0.20384788513183594
hard,0.11396408081054688
hard,0.10800361633300781
hard,14.935016632080078
hard,0.10013580322265625
hard,10.933876037597656
hard,18.064022064208984
hard,0.08988380432128906
hard,12.310981750488281
hard,11.18612289428711
hard,9.851932525634766
hard,0.08606910705566406
hard,0.07915496826171875
hard,18.795013427734375
hard,0.1068115234375
hard,0.1087188720703125
hard,0.1010894775390625
hard,0.06222724914550781
hard,0.09584426879882812
hard,9.259939193725586
hard,15.055179595947266
hard,12.840032577514648
hard,10.087251663208008
hard,7.442951202392578
hard,0.09107589721679688
hard,0.07796287536621094
hard,0.2040863037109375
hard,0.12493133544921875
hard,0.11205673217773438
hard,0.10204315185546875
hard,12.205839157104492
hard,0.08392333984375
hard,0.06222724914550781
hard,15.496969223022461
hard,12.811899185180664
hard,5.759000778198242
hard,0.052928924560546875
hard,0.06198883056640625
hard,0.07200241088867188
hard,0.2772808074951172
hard,0.102996826171875
hard,11.394977569580078
hard,10.657072067260742
hard,0.10895729064941406
hard,8.790016174316406
hard,8.100032806396484
hard,6.803989410400391
hard,12.216806411743164
hard,10.912418365478516
hard,9.782075881958008
hard,0.08797645568847656
hard,0.08988380432128906
hard,18.720149993896484
hard,0.11396408081054688
hard,0.07891654968261719
hard,0.10609626770019531
hard,0.102996826171875
hard,0.09965896606445312
hard,18.828153610229492
hard,14.351844787597656
hard,12.099027633666992
hard,10.943174362182617
hard,8.155107498168945
hard,0.08702278137207031
hard,0.08392333984375
hard,0.2129077911376953
hard,0.1289844512939453
hard,16.635894775390625
hard,0.10609626770019531
hard,0.09131431579589844
hard,10.526895523071289
hard,0.08296966552734375
hard,16.260147094726562
hard,12.418031692504883
hard,11.06882095336914
hard,9.842872619628906
hard,0.08511543273925781
hard,0.0782012939453125
hard,0.21076202392578125
hard,0.11992454528808594
hard,0.10371208190917969
hard,0.12302398681640625
hard,0.11539459228515625
hard,0.11277198791503906
hard,0.08106231689453125
hard,0.11205673217773438
hard,14.75977897644043
hard,0.10800361633300781
hard,0.09894371032714844
hard,0.06389617919921875
hard,20.429134368896484
hard,7.962703704833984
hard,14.60719108581543
hard,12.746095657348633
hard,11.796951293945312
hard,11.343002319335938
hard,10.442972183227539
hard,10.267019271850586
hard,3.905057907104492
hard,8.900880813598633
hard,0.07009506225585938
hard,0.06890296936035156
hard,0.06389617919921875
hard,0.06008148193359375
